x,y,layer1,layer2,voltage1,voltage2,current
71.1049,2539.13,L1_-_PRIMARY,L2_-_GND,0.00794196,0.00791722,0.0916509
71.1049,2539.13,L2_-_GND,L3_-_GND,0.00791722,0.00788717,0.0196136
71.1049,2539.13,L3_-_GND,L4_-_SECONDARY,0.00788717,0.00788717,-6.4264e-15
71.1049,2589,L1_-_PRIMARY,L2_-_GND,0.00795668,0.00795701,-0.00123475
71.1049,2589,L2_-_GND,L3_-_GND,0.00795701,0.00794866,0.00545252
71.1049,2589,L3_-_GND,L4_-_SECONDARY,0.00794866,0.00794866,-6.4264e-15
71.1049,2638.87,L1_-_PRIMARY,L2_-_GND,0.00797193,0.00797553,-0.0133289
71.1049,2638.87,L2_-_GND,L3_-_GND,0.00797553,0.00797325,0.00148227
71.1049,2638.87,L3_-_GND,L4_-_SECONDARY,0.00797325,0.00797325,-6.4264e-15
71.1049,2688.74,L1_-_PRIMARY,L2_-_GND,0.00799458,0.00799469,-0.000419364
71.1049,2688.74,L2_-_GND,L3_-_GND,0.00799469,0.00799386,0.000544669
71.1049,2688.74,L3_-_GND,L4_-_SECONDARY,0.00799386,0.00799386,-6.4264e-15
71.1049,2738.61,L1_-_PRIMARY,L2_-_GND,0.00801047,0.00800911,0.00505699
71.1049,2738.61,L2_-_GND,L3_-_GND,0.00800911,0.00801026,-0.000753543
71.1049,2738.61,L3_-_GND,L4_-_SECONDARY,0.00801026,0.00801026,-6.4264e-15
71.1049,2788.47,L1_-_PRIMARY,L2_-_GND,0.00801607,0.00802278,-0.0248459
71.1049,2788.47,L2_-_GND,L3_-_GND,0.00802278,0.00803066,-0.00514233
71.1049,2788.47,L3_-_GND,L4_-_SECONDARY,0.00803066,0.00803066,-6.4264e-15
71.1049,2838.34,L1_-_PRIMARY,L2_-_GND,0.00802283,0.0080283,-0.0202438
71.1049,2838.34,L2_-_GND,L3_-_GND,0.0080283,0.00803671,-0.00549209
71.1049,2838.34,L3_-_GND,L4_-_SECONDARY,0.00803671,0.00803671,-6.4264e-15
118.349,2716.3,L1_-_PRIMARY,L2_-_GND,0.00800233,0.00801222,-0.0366352
118.349,2716.3,L2_-_GND,L3_-_GND,0.00801222,0.00801653,-0.00281513
118.349,2716.3,L3_-_GND,L4_-_SECONDARY,0.00801653,0.00801653,-6.4264e-15
228.585,1629.68,L1_-_PRIMARY,L2_-_GND,0.00602072,0.00593429,0.320183
228.585,1629.68,L2_-_GND,L3_-_GND,0.00593429,0.00593054,0.0024512
228.585,1629.68,L3_-_GND,L4_-_SECONDARY,0.00593054,0.00593054,-6.4264e-15
228.585,1708.42,L1_-_PRIMARY,L2_-_GND,0.00608799,0.0061213,-0.123395
228.585,1708.42,L2_-_GND,L3_-_GND,0.0061213,0.00617403,-0.0344167
228.585,1708.42,L3_-_GND,L4_-_SECONDARY,0.00617403,0.00617403,-6.4264e-15
267.955,1842.28,L1_-_PRIMARY,L2_-_GND,0.00665342,0.00665342,1.28528e-14
267.955,1842.28,L2_-_GND,L3_-_GND,0.00665342,0.0066684,-0.00978044
267.955,1842.28,L3_-_GND,L4_-_SECONDARY,0.0066684,0.0066684,-6.4264e-15
338.821,1944.64,L1_-_PRIMARY,L2_-_GND,0.0070634,0.0070634,6.4264e-15
338.821,1944.64,L2_-_GND,L3_-_GND,0.0070634,0.00706553,-0.00139204
338.821,1944.64,L3_-_GND,L4_-_SECONDARY,0.00706553,0.00706553,-6.4264e-15
409.688,1629.68,L1_-_PRIMARY,L2_-_GND,0.00607938,0.0060451,0.126979
409.688,1629.68,L2_-_GND,L3_-_GND,0.0060451,0.0060864,-0.0269569
409.688,1629.68,L3_-_GND,L4_-_SECONDARY,0.0060864,0.0060864,-6.4264e-15
409.688,1708.42,L1_-_PRIMARY,L2_-_GND,0.00614787,0.00623527,-0.323768
409.688,1708.42,L2_-_GND,L3_-_GND,0.00623527,0.00633582,-0.0656369
409.688,1708.42,L3_-_GND,L4_-_SECONDARY,0.00633582,0.00633582,-6.4264e-15
527.583,887.771,L1_-_PRIMARY,L2_-_GND,35.98,35.98,-5.39306e-10
527.583,887.771,L2_-_GND,L3_-_GND,35.98,35.98,-9.5032e-11
527.583,887.771,L3_-_GND,L4_-_SECONDARY,35.98,35.98,-0
527.583,1320.84,L1_-_PRIMARY,L2_-_GND,0,0.000263503,-20
527.583,1320.84,L2_-_GND,L3_-_GND,0.000263503,0.000969583,-9.44352
527.583,1320.84,L3_-_GND,L4_-_SECONDARY,0.000969583,0.000969583,-3.29166e-14
554.763,205.079,L1_-_PRIMARY,L2_-_GND,0.00759365,0.00759365,-1.53096e-13
554.763,205.079,L2_-_GND,L3_-_GND,0.00759365,0.00759518,-0.0159163
554.763,205.079,L3_-_GND,L4_-_SECONDARY,0.00759518,0.00759518,1.02064e-13
567.168,1980.08,L1_-_PRIMARY,L2_-_GND,0.00763798,0.00754036,0.361643
567.168,1980.08,L2_-_GND,L3_-_GND,0.00754036,0.00744969,0.0591885
567.168,1980.08,L3_-_GND,L4_-_SECONDARY,0.00744969,0.00744969,-6.4264e-15
567.168,2058.82,L1_-_PRIMARY,L2_-_GND,0.00771997,0.00767265,0.175305
567.168,2058.82,L2_-_GND,L3_-_GND,0.00767265,0.00761183,0.0396992
567.168,2058.82,L3_-_GND,L4_-_SECONDARY,0.00761183,0.00761183,-6.4264e-15
567.168,2137.56,L1_-_PRIMARY,L2_-_GND,0.00777866,0.00776511,0.0502171
567.168,2137.56,L2_-_GND,L3_-_GND,0.00776511,0.00773914,0.0169506
567.168,2137.56,L3_-_GND,L4_-_SECONDARY,0.00773914,0.00773914,-9.63959e-15
578.979,2724.17,L1_-_PRIMARY,L2_-_GND,0.0083834,0.00837057,0.0475438
578.979,2724.17,L2_-_GND,L3_-_GND,0.00837057,0.00833997,0.0199718
578.979,2724.17,L3_-_GND,L4_-_SECONDARY,0.00833997,0.00833997,-6.4264e-15
606.538,2019.45,L1_-_PRIMARY,L2_-_GND,0.00768945,0.00765397,0.131441
606.538,2019.45,L2_-_GND,L3_-_GND,0.00765397,0.0075962,0.037713
606.538,2019.45,L3_-_GND,L4_-_SECONDARY,0.0075962,0.0075962,-6.4264e-15
606.538,2098.19,L1_-_PRIMARY,L2_-_GND,0.0077592,0.00775586,0.0123588
606.538,2098.19,L2_-_GND,L3_-_GND,0.00775586,0.00773472,0.0137982
606.538,2098.19,L3_-_GND,L4_-_SECONDARY,0.00773472,0.00773472,-6.4264e-15
614.412,2683.82,L1_-_PRIMARY,L2_-_GND,0.00839749,0.00838239,0.0559543
614.412,2683.82,L2_-_GND,L3_-_GND,0.00838239,0.00835292,0.0192379
614.412,2683.82,L3_-_GND,L4_-_SECONDARY,0.00835292,0.00835292,-6.4264e-15
645.908,2058.82,L1_-_PRIMARY,L2_-_GND,0.00776563,0.0077546,0.0408677
645.908,2058.82,L2_-_GND,L3_-_GND,0.0077546,0.00773034,0.0158375
645.908,2058.82,L3_-_GND,L4_-_SECONDARY,0.00773034,0.00773034,-6.4264e-15
645.908,2137.56,L1_-_PRIMARY,L2_-_GND,0.00781405,0.00783935,-0.0937202
645.908,2137.56,L2_-_GND,L3_-_GND,0.00783935,0.00785078,-0.00745746
645.908,2137.56,L3_-_GND,L4_-_SECONDARY,0.00785078,0.00785078,-1.28528e-14
673.467,2683.82,L1_-_PRIMARY,L2_-_GND,0.00844114,0.00844276,-0.00600324
673.467,2683.82,L2_-_GND,L3_-_GND,0.00844276,0.00842932,0.0087701
673.467,2683.82,L3_-_GND,L4_-_SECONDARY,0.00842932,0.00842932,-6.4264e-15
685.278,2019.45,L1_-_PRIMARY,L2_-_GND,0.00778811,0.00775629,0.117883
685.278,2019.45,L2_-_GND,L3_-_GND,0.00775629,0.00772588,0.0198465
685.278,2019.45,L3_-_GND,L4_-_SECONDARY,0.00772588,0.00772588,-6.4264e-15
685.278,2098.19,L1_-_PRIMARY,L2_-_GND,0.00783087,0.00784382,-0.0479631
685.278,2098.19,L2_-_GND,L3_-_GND,0.00784382,0.00785612,-0.00802833
685.278,2098.19,L3_-_GND,L4_-_SECONDARY,0.00785612,0.00785612,-6.4264e-15
718.819,433.074,L1_-_PRIMARY,L2_-_GND,0.00786902,0.00787308,-0.0150589
718.819,433.074,L2_-_GND,L3_-_GND,0.00787308,0.00787964,-0.00427779
718.819,433.074,L3_-_GND,L4_-_SECONDARY,0.00787964,0.00787964,-6.4264e-15
718.819,482.942,L1_-_PRIMARY,L2_-_GND,0.00785909,0.00786131,-0.00822747
718.819,482.942,L2_-_GND,L3_-_GND,0.00786131,0.00786629,-0.00324872
718.819,482.942,L3_-_GND,L4_-_SECONDARY,0.00786629,0.00786629,-6.4264e-15
718.819,532.811,L1_-_PRIMARY,L2_-_GND,0.00783892,0.00784338,-0.0165366
718.819,532.811,L2_-_GND,L3_-_GND,0.00784338,0.00784839,-0.00326906
718.819,532.811,L3_-_GND,L4_-_SECONDARY,0.00784839,0.00784839,-6.4264e-15
718.819,582.68,L1_-_PRIMARY,L2_-_GND,0.00781334,0.00782131,-0.0295161
718.819,582.68,L2_-_GND,L3_-_GND,0.00782131,0.00782537,-0.00265083
718.819,582.68,L3_-_GND,L4_-_SECONDARY,0.00782537,0.00782537,-6.4264e-15
718.819,632.548,L1_-_PRIMARY,L2_-_GND,0.00779596,0.00778346,0.0462993
718.819,632.548,L2_-_GND,L3_-_GND,0.00778346,0.00776987,0.00887407
718.819,632.548,L3_-_GND,L4_-_SECONDARY,0.00776987,0.00776987,-6.4264e-15
718.819,682.417,L1_-_PRIMARY,L2_-_GND,0.00777322,0.00775489,0.0678857
718.819,682.417,L2_-_GND,L3_-_GND,0.00775489,0.00773796,0.0110548
718.819,682.417,L3_-_GND,L4_-_SECONDARY,0.00773796,0.00773796,-6.4264e-15
722.68,383.204,L1_-_PRIMARY,L2_-_GND,0.00787553,0.00788764,-0.0448459
722.68,383.204,L2_-_GND,L3_-_GND,0.00788764,0.00789926,-0.00758811
722.68,383.204,L3_-_GND,L4_-_SECONDARY,0.00789926,0.00789926,-6.4264e-15
724.648,2058.82,L1_-_PRIMARY,L2_-_GND,0.0078485,0.00785699,-0.0314638
724.648,2058.82,L2_-_GND,L3_-_GND,0.00785699,0.00786655,-0.00623663
724.648,2058.82,L3_-_GND,L4_-_SECONDARY,0.00786655,0.00786655,-6.4264e-15
724.648,2137.56,L1_-_PRIMARY,L2_-_GND,0.00788438,0.00794031,-0.207187
724.648,2137.56,L2_-_GND,L3_-_GND,0.00794031,0.00798112,-0.0266445
724.648,2137.56,L3_-_GND,L4_-_SECONDARY,0.00798112,0.00798112,-6.4264e-15
724.648,2569.84,L1_-_PRIMARY,L2_-_GND,0.00843723,0.00842582,0.0422897
724.648,2569.84,L2_-_GND,L3_-_GND,0.00842582,0.00839415,0.0206712
724.648,2569.84,L3_-_GND,L4_-_SECONDARY,0.00839415,0.00839415,-6.4264e-15
724.648,2622.6,L1_-_PRIMARY,L2_-_GND,0.00844706,0.00844571,0.00498807
724.648,2622.6,L2_-_GND,L3_-_GND,0.00844571,0.00842185,0.0155761
724.648,2622.6,L3_-_GND,L4_-_SECONDARY,0.00842185,0.00842185,-6.4264e-15
724.648,2675.35,L1_-_PRIMARY,L2_-_GND,0.00846236,0.0084767,-0.0531136
724.648,2675.35,L2_-_GND,L3_-_GND,0.0084767,0.00846969,0.00457189
724.648,2675.35,L3_-_GND,L4_-_SECONDARY,0.00846969,0.00846969,-6.4264e-15
724.648,2728.11,L1_-_PRIMARY,L2_-_GND,0.00847045,0.00849519,-0.091659
724.648,2728.11,L2_-_GND,L3_-_GND,0.00849519,0.00849036,0.00315046
724.648,2728.11,L3_-_GND,L4_-_SECONDARY,0.00849036,0.00849036,-6.4264e-15
764.018,2019.45,L1_-_PRIMARY,L2_-_GND,0.00786678,0.00787573,-0.0331294
764.018,2019.45,L2_-_GND,L3_-_GND,0.00787573,0.00788182,-0.00398012
764.018,2019.45,L3_-_GND,L4_-_SECONDARY,0.00788182,0.00788182,-6.4264e-15
764.018,2098.19,L1_-_PRIMARY,L2_-_GND,0.00789912,0.00796286,-0.236118
764.018,2098.19,L2_-_GND,L3_-_GND,0.00796286,0.0080057,-0.027964
764.018,2098.19,L3_-_GND,L4_-_SECONDARY,0.0080057,0.0080057,-6.4264e-15
836.853,1334.41,L1_-_PRIMARY,L2_-_GND,0.00709928,0.00709928,6.4264e-15
836.853,1334.41,L2_-_GND,L3_-_GND,0.00709928,0.00711017,-0.00711355
836.853,1334.41,L3_-_GND,L4_-_SECONDARY,0.00711017,0.00711017,-0
838.822,1976.14,L1_-_PRIMARY,L2_-_GND,0.00791851,0.00797977,-0.226939
838.822,1976.14,L2_-_GND,L3_-_GND,0.00797977,0.00800291,-0.0151053
838.822,1976.14,L3_-_GND,L4_-_SECONDARY,0.00800291,0.00800291,-6.4264e-15
866.381,1921.02,L1_-_PRIMARY,L2_-_GND,0.00791193,0.00791549,-0.0131961
866.381,1921.02,L2_-_GND,L3_-_GND,0.00791549,0.00791421,0.000835704
866.381,1921.02,L3_-_GND,L4_-_SECONDARY,0.00791421,0.00791421,-6.4264e-15
895.908,1546.02,L1_-_PRIMARY,L2_-_GND,0.00726576,0.00726576,6.4264e-15
895.908,1546.02,L2_-_GND,L3_-_GND,0.00726576,0.00726841,-0.00173284
895.908,1546.02,L3_-_GND,L4_-_SECONDARY,0.00726841,0.00726841,-6.4264e-15
952.994,1814.72,L1_-_PRIMARY,L2_-_GND,35.8718,35.8718,0.0419896
952.994,1814.72,L2_-_GND,L3_-_GND,35.8718,35.8717,0.0419896
952.994,1814.72,L3_-_GND,L4_-_SECONDARY,35.8717,35.8717,0.0419896
952.994,1861.97,L1_-_PRIMARY,L2_-_GND,35.8714,35.8714,-0.0106215
952.994,1861.97,L2_-_GND,L3_-_GND,35.8714,35.8714,-0.0106215
952.994,1861.97,L3_-_GND,L4_-_SECONDARY,35.8714,35.8714,-0.0106215
952.995,1484.01,L1_-_PRIMARY,L2_-_GND,35.8761,35.8759,0.859982
952.995,1484.01,L2_-_GND,L3_-_GND,35.8759,35.8746,0.859982
952.995,1484.01,L3_-_GND,L4_-_SECONDARY,35.8746,35.8743,0.859982
952.995,1531.26,L1_-_PRIMARY,L2_-_GND,35.875,35.8749,0.432397
952.995,1531.26,L2_-_GND,L3_-_GND,35.8749,35.8742,0.432397
952.995,1531.26,L3_-_GND,L4_-_SECONDARY,35.8742,35.8741,0.432397
952.995,1578.5,L1_-_PRIMARY,L2_-_GND,35.8744,35.8743,0.438521
952.995,1578.5,L2_-_GND,L3_-_GND,35.8743,35.8736,0.438521
952.995,1578.5,L3_-_GND,L4_-_SECONDARY,35.8736,35.8735,0.438521
1003.98,2334.6,L1_-_PRIMARY,L2_-_GND,35.8678,35.868,-2.17129
1003.98,2334.6,L2_-_GND,L3_-_GND,35.868,35.8685,-2.17129
1003.98,2334.6,L3_-_GND,L4_-_SECONDARY,35.8685,35.8686,-2.17129
1003.98,2535.39,L1_-_PRIMARY,L2_-_GND,35.8673,35.8674,-2.31575
1003.98,2535.39,L2_-_GND,L3_-_GND,35.8674,35.868,-2.31575
1003.98,2535.39,L3_-_GND,L4_-_SECONDARY,35.868,35.8681,-2.31575
1023.86,1436.77,L1_-_PRIMARY,L2_-_GND,35.877,35.8767,1.22999
1023.86,1436.77,L2_-_GND,L3_-_GND,35.8767,35.8748,1.22999
1023.86,1436.77,L3_-_GND,L4_-_SECONDARY,35.8748,35.8745,1.22999
1023.86,1484.01,L1_-_PRIMARY,L2_-_GND,35.8764,35.8762,1.01713
1023.86,1484.01,L2_-_GND,L3_-_GND,35.8762,35.8746,1.01713
1023.86,1484.01,L3_-_GND,L4_-_SECONDARY,35.8746,35.8743,1.01713
1023.86,1531.26,L1_-_PRIMARY,L2_-_GND,35.8751,35.8749,0.479987
1023.86,1531.26,L2_-_GND,L3_-_GND,35.8749,35.8742,0.479987
1023.86,1531.26,L3_-_GND,L4_-_SECONDARY,35.8742,35.8741,0.479987
1023.86,1578.5,L1_-_PRIMARY,L2_-_GND,35.8744,35.8743,0.453008
1023.86,1578.5,L2_-_GND,L3_-_GND,35.8743,35.8736,0.453008
1023.86,1578.5,L3_-_GND,L4_-_SECONDARY,35.8736,35.8735,0.453008
1023.86,1814.72,L1_-_PRIMARY,L2_-_GND,35.8718,35.8718,0.0398895
1023.86,1814.72,L2_-_GND,L3_-_GND,35.8718,35.8717,0.0398895
1023.86,1814.72,L3_-_GND,L4_-_SECONDARY,35.8717,35.8717,0.0398895
1023.86,1861.97,L1_-_PRIMARY,L2_-_GND,35.8714,35.8714,-0.00775464
1023.86,1861.97,L2_-_GND,L3_-_GND,35.8714,35.8715,-0.00775464
1023.86,1861.97,L3_-_GND,L4_-_SECONDARY,35.8715,35.8715,-0.00775464
1027.8,1385.59,L1_-_PRIMARY,L2_-_GND,35.8781,35.8776,1.75195
1027.8,1385.59,L2_-_GND,L3_-_GND,35.8776,35.8749,1.75195
1027.8,1385.59,L3_-_GND,L4_-_SECONDARY,35.8749,35.8745,1.75195
1094.73,1531.26,L1_-_PRIMARY,L2_-_GND,35.8756,35.8754,0.853906
1094.73,1531.26,L2_-_GND,L3_-_GND,35.8754,35.8741,0.853906
1094.73,1531.26,L3_-_GND,L4_-_SECONDARY,35.8741,35.8739,0.853906
1094.73,1578.5,L1_-_PRIMARY,L2_-_GND,35.8743,35.8742,0.445456
1094.73,1578.5,L2_-_GND,L3_-_GND,35.8742,35.8735,0.445456
1094.73,1578.5,L3_-_GND,L4_-_SECONDARY,35.8735,35.8734,0.445456
1094.73,1814.72,L1_-_PRIMARY,L2_-_GND,35.8718,35.8718,0.0295675
1094.73,1814.72,L2_-_GND,L3_-_GND,35.8718,35.8717,0.0295675
1094.73,1814.72,L3_-_GND,L4_-_SECONDARY,35.8717,35.8717,0.0295675
1094.73,1861.97,L1_-_PRIMARY,L2_-_GND,35.8715,35.8715,-0.00887807
1094.73,1861.97,L2_-_GND,L3_-_GND,35.8715,35.8715,-0.00887807
1094.73,1861.97,L3_-_GND,L4_-_SECONDARY,35.8715,35.8715,-0.00887807
1165.59,1578.5,L1_-_PRIMARY,L2_-_GND,35.8737,35.8736,0.215493
1165.59,1578.5,L2_-_GND,L3_-_GND,35.8736,35.8733,0.215493
1165.59,1578.5,L3_-_GND,L4_-_SECONDARY,35.8733,35.8732,0.215493
1165.59,1625.75,L1_-_PRIMARY,L2_-_GND,35.8734,35.8733,0.167312
1165.59,1625.75,L2_-_GND,L3_-_GND,35.8733,35.8731,0.167312
1165.59,1625.75,L3_-_GND,L4_-_SECONDARY,35.8731,35.873,0.167312
1165.59,1672.99,L1_-_PRIMARY,L2_-_GND,35.873,35.873,0.128129
1165.59,1672.99,L2_-_GND,L3_-_GND,35.873,35.8728,0.128129
1165.59,1672.99,L3_-_GND,L4_-_SECONDARY,35.8728,35.8728,0.128129
1165.59,1720.23,L1_-_PRIMARY,L2_-_GND,35.8727,35.8727,0.0963181
1165.59,1720.23,L2_-_GND,L3_-_GND,35.8727,35.8725,0.0963181
1165.59,1720.23,L3_-_GND,L4_-_SECONDARY,35.8725,35.8725,0.0963181
1165.59,1767.48,L1_-_PRIMARY,L2_-_GND,35.8721,35.8721,0.039215
1165.59,1767.48,L2_-_GND,L3_-_GND,35.8721,35.872,0.039215
1165.59,1767.48,L3_-_GND,L4_-_SECONDARY,35.872,35.872,0.039215
1165.59,1814.72,L1_-_PRIMARY,L2_-_GND,35.8717,35.8717,0.0106148
1165.59,1814.72,L2_-_GND,L3_-_GND,35.8717,35.8717,0.0106148
1165.59,1814.72,L3_-_GND,L4_-_SECONDARY,35.8717,35.8717,0.0106148
1165.59,1861.97,L1_-_PRIMARY,L2_-_GND,35.8714,35.8714,-0.0177548
1165.59,1861.97,L2_-_GND,L3_-_GND,35.8714,35.8715,-0.0177548
1165.59,1861.97,L3_-_GND,L4_-_SECONDARY,35.8715,35.8715,-0.0177548
1204.77,2334.6,L1_-_PRIMARY,L2_-_GND,35.8679,35.868,-2.15848
1204.77,2334.6,L2_-_GND,L3_-_GND,35.868,35.8685,-2.15848
1204.77,2334.6,L3_-_GND,L4_-_SECONDARY,35.8685,35.8686,-2.15848
1204.77,2535.39,L1_-_PRIMARY,L2_-_GND,35.8673,35.8674,-2.31243
1204.77,2535.39,L2_-_GND,L3_-_GND,35.8674,35.868,-2.31243
1204.77,2535.39,L3_-_GND,L4_-_SECONDARY,35.868,35.8681,-2.31243
1226.62,1578.5,L1_-_PRIMARY,L2_-_GND,35.8732,35.8732,0.0521928
1226.62,1578.5,L2_-_GND,L3_-_GND,35.8732,35.8731,0.0521928
1226.62,1578.5,L3_-_GND,L4_-_SECONDARY,35.8731,35.8731,0.0521928
1226.62,1625.75,L1_-_PRIMARY,L2_-_GND,35.873,35.873,0.0570999
1226.62,1625.75,L2_-_GND,L3_-_GND,35.873,35.8729,0.0570999
1226.62,1625.75,L3_-_GND,L4_-_SECONDARY,35.8729,35.8729,0.0570999
1226.62,1672.99,L1_-_PRIMARY,L2_-_GND,35.8728,35.8728,0.0520707
1226.62,1672.99,L2_-_GND,L3_-_GND,35.8728,35.8727,0.0520707
1226.62,1672.99,L3_-_GND,L4_-_SECONDARY,35.8727,35.8727,0.0520707
1226.62,1720.23,L1_-_PRIMARY,L2_-_GND,35.8726,35.8725,0.0429758
1226.62,1720.23,L2_-_GND,L3_-_GND,35.8725,35.8725,0.0429758
1226.62,1720.23,L3_-_GND,L4_-_SECONDARY,35.8725,35.8725,0.0429758
1226.62,1767.48,L1_-_PRIMARY,L2_-_GND,35.872,35.872,0.0150416
1226.62,1767.48,L2_-_GND,L3_-_GND,35.872,35.872,0.0150416
1226.62,1767.48,L3_-_GND,L4_-_SECONDARY,35.872,35.872,0.0150416
1226.62,1814.72,L1_-_PRIMARY,L2_-_GND,35.8717,35.8717,-0.00377186
1226.62,1814.72,L2_-_GND,L3_-_GND,35.8717,35.8717,-0.00377186
1226.62,1814.72,L3_-_GND,L4_-_SECONDARY,35.8717,35.8717,-0.00377186
1226.62,1861.97,L1_-_PRIMARY,L2_-_GND,35.8714,35.8714,-0.0259837
1226.62,1861.97,L2_-_GND,L3_-_GND,35.8714,35.8715,-0.0259837
1226.62,1861.97,L3_-_GND,L4_-_SECONDARY,35.8715,35.8715,-0.0259837
1262.15,535.764,L1_-_PRIMARY,L2_-_GND,0.00854071,0.00852416,0.0613207
1262.15,535.764,L2_-_GND,L3_-_GND,0.00852416,0.00850036,0.0155315
1262.15,535.764,L3_-_GND,L4_-_SECONDARY,0.00850036,0.00850036,-6.4264e-15
1287.64,1578.5,L1_-_PRIMARY,L2_-_GND,35.8731,35.8731,0.0169121
1287.64,1578.5,L2_-_GND,L3_-_GND,35.8731,35.8731,0.0169121
1287.64,1578.5,L3_-_GND,L4_-_SECONDARY,35.8731,35.8731,0.0169121
1287.64,1625.75,L1_-_PRIMARY,L2_-_GND,35.873,35.873,0.0309133
1287.64,1625.75,L2_-_GND,L3_-_GND,35.873,35.8729,0.0309133
1287.64,1625.75,L3_-_GND,L4_-_SECONDARY,35.8729,35.8729,0.0309133
1287.64,1672.99,L1_-_PRIMARY,L2_-_GND,35.8728,35.8727,0.0332185
1287.64,1672.99,L2_-_GND,L3_-_GND,35.8727,35.8727,0.0332185
1287.64,1672.99,L3_-_GND,L4_-_SECONDARY,35.8727,35.8727,0.0332185
1287.64,1720.23,L1_-_PRIMARY,L2_-_GND,35.8725,35.8725,0.0294698
1287.64,1720.23,L2_-_GND,L3_-_GND,35.8725,35.8725,0.0294698
1287.64,1720.23,L3_-_GND,L4_-_SECONDARY,35.8725,35.8725,0.0294698
1287.64,1767.48,L1_-_PRIMARY,L2_-_GND,35.872,35.872,0.00860404
1287.64,1767.48,L2_-_GND,L3_-_GND,35.872,35.872,0.00860404
1287.64,1767.48,L3_-_GND,L4_-_SECONDARY,35.872,35.872,0.00860404
1287.64,1814.72,L1_-_PRIMARY,L2_-_GND,35.8717,35.8717,-0.00789042
1287.64,1814.72,L2_-_GND,L3_-_GND,35.8717,35.8717,-0.00789042
1287.64,1814.72,L3_-_GND,L4_-_SECONDARY,35.8717,35.8717,-0.00789042
1287.64,1861.97,L1_-_PRIMARY,L2_-_GND,35.8714,35.8714,-0.0287524
1287.64,1861.97,L2_-_GND,L3_-_GND,35.8714,35.8714,-0.0287524
1287.64,1861.97,L3_-_GND,L4_-_SECONDARY,35.8714,35.8715,-0.0287524
1321.2,535.764,L1_-_PRIMARY,L2_-_GND,0.00856735,0.00856293,0.0163776
1321.2,535.764,L2_-_GND,L3_-_GND,0.00856293,0.00854842,0.00947272
1321.2,535.764,L3_-_GND,L4_-_SECONDARY,0.00854842,0.00854842,-6.4264e-15
1362.44,1688.74,L1_-_PRIMARY,L2_-_GND,0.0116236,0.0114204,0.752497
1362.44,1688.74,L2_-_GND,L3_-_GND,0.0114204,0.0108902,0.346108
1362.44,1688.74,L3_-_GND,L4_-_SECONDARY,0.0108902,0.0108902,-6.4264e-15
1362.44,1741.89,L1_-_PRIMARY,L2_-_GND,0.0116188,0.0114758,0.529798
1362.44,1741.89,L2_-_GND,L3_-_GND,0.0114758,0.0109773,0.325432
1362.44,1741.89,L3_-_GND,L4_-_SECONDARY,0.0109773,0.0109773,-6.4264e-15
1362.44,1848.19,L1_-_PRIMARY,L2_-_GND,0.0114979,0.0113459,0.562791
1362.44,1848.19,L2_-_GND,L3_-_GND,0.0113459,0.0108691,0.311252
1362.44,1848.19,L3_-_GND,L4_-_SECONDARY,0.0108691,0.0108691,-6.4264e-15
1362.44,1954.49,L1_-_PRIMARY,L2_-_GND,0.0113597,0.0110835,1.02311
1362.44,1954.49,L2_-_GND,L3_-_GND,0.0110835,0.0105609,0.341146
1362.44,1954.49,L3_-_GND,L4_-_SECONDARY,0.0105609,0.0105609,-6.4264e-15
1372.38,421.787,L1_-_PRIMARY,L2_-_GND,0.00858653,0.00858471,0.00674743
1372.38,421.787,L2_-_GND,L3_-_GND,0.00858471,0.00857314,0.00755301
1372.38,421.787,L3_-_GND,L4_-_SECONDARY,0.00857314,0.00857314,-6.4264e-15
1372.38,474.543,L1_-_PRIMARY,L2_-_GND,0.00859033,0.00859392,-0.013265
1372.38,474.543,L2_-_GND,L3_-_GND,0.00859392,0.00858667,0.00473367
1372.38,474.543,L3_-_GND,L4_-_SECONDARY,0.00858667,0.00858667,-6.4264e-15
1372.38,527.299,L1_-_PRIMARY,L2_-_GND,0.00859349,0.00860001,-0.0241603
1372.38,527.299,L2_-_GND,L3_-_GND,0.00860001,0.00859436,0.00368596
1372.38,527.299,L3_-_GND,L4_-_SECONDARY,0.00859436,0.00859436,-6.4264e-15
1372.38,580.055,L1_-_PRIMARY,L2_-_GND,0.00859548,0.00860818,-0.0470204
1372.38,580.055,L2_-_GND,L3_-_GND,0.00860818,0.00860148,0.00437463
1372.38,580.055,L3_-_GND,L4_-_SECONDARY,0.00860148,0.00860148,-6.4264e-15
1411.66,1795.04,L1_-_PRIMARY,L2_-_GND,0.0116928,0.011546,0.543909
1411.66,1795.04,L2_-_GND,L3_-_GND,0.011546,0.0110402,0.330206
1411.66,1795.04,L3_-_GND,L4_-_SECONDARY,0.0110402,0.0110402,-6.4264e-15
1411.66,1901.34,L1_-_PRIMARY,L2_-_GND,0.0115087,0.0113457,0.604121
1411.66,1901.34,L2_-_GND,L3_-_GND,0.0113457,0.0108576,0.318634
1411.66,1901.34,L3_-_GND,L4_-_SECONDARY,0.0108576,0.0108576,-6.4264e-15
1460.87,1848.19,L1_-_PRIMARY,L2_-_GND,0.0117273,0.0116501,0.286054
1460.87,1848.19,L2_-_GND,L3_-_GND,0.0116501,0.0111594,0.320284
1460.87,1848.19,L3_-_GND,L4_-_SECONDARY,0.0111594,0.0111594,-6.4264e-15
1460.87,1954.49,L1_-_PRIMARY,L2_-_GND,0.0116053,0.0114582,0.544893
1460.87,1954.49,L2_-_GND,L3_-_GND,0.0114582,0.0109542,0.329021
1460.87,1954.49,L3_-_GND,L4_-_SECONDARY,0.0109542,0.0109542,-6.4264e-15
1510.08,1795.04,L1_-_PRIMARY,L2_-_GND,0.012033,0.0119169,0.430046
1510.08,1795.04,L2_-_GND,L3_-_GND,0.0119169,0.0112757,0.418598
1510.08,1795.04,L3_-_GND,L4_-_SECONDARY,0.0112757,0.0112757,-6.4264e-15
1510.08,1901.34,L1_-_PRIMARY,L2_-_GND,0.0118202,0.0117198,0.371861
1510.08,1901.34,L2_-_GND,L3_-_GND,0.0117198,0.0111801,0.35231
1510.08,1901.34,L3_-_GND,L4_-_SECONDARY,0.0111801,0.0111801,-6.4264e-15
1559.29,1741.89,L1_-_PRIMARY,L2_-_GND,0.0125518,0.0122076,1.27511
1559.29,1741.89,L2_-_GND,L3_-_GND,0.0122076,0.0113126,0.584242
1559.29,1741.89,L3_-_GND,L4_-_SECONDARY,0.0113126,0.0113126,-6.4264e-15
1559.29,1848.19,L1_-_PRIMARY,L2_-_GND,0.0122701,0.0120361,0.866838
1559.29,1848.19,L2_-_GND,L3_-_GND,0.0120361,0.0113219,0.466213
1559.29,1848.19,L3_-_GND,L4_-_SECONDARY,0.0113219,0.0113219,-6.4264e-15
1559.29,1954.49,L1_-_PRIMARY,L2_-_GND,0.0120866,0.011784,1.12118
1559.29,1954.49,L2_-_GND,L3_-_GND,0.011784,0.0111023,0.445004
1559.29,1954.49,L3_-_GND,L4_-_SECONDARY,0.0111023,0.0111023,-6.4264e-15
1608.51,1688.74,L1_-_PRIMARY,L2_-_GND,0.0130364,0.0123703,2.46726
1608.51,1688.74,L2_-_GND,L3_-_GND,0.0123703,0.0112327,0.742645
1608.51,1688.74,L3_-_GND,L4_-_SECONDARY,0.0112327,0.0112327,-6.4264e-15
1608.51,1795.04,L1_-_PRIMARY,L2_-_GND,0.0128678,0.0124167,1.67102
1608.51,1795.04,L2_-_GND,L3_-_GND,0.0124167,0.0113996,0.663996
1608.51,1795.04,L3_-_GND,L4_-_SECONDARY,0.0113996,0.0113996,-6.4264e-15
1608.51,1901.34,L1_-_PRIMARY,L2_-_GND,0.0123941,0.0120493,1.27757
1608.51,1901.34,L2_-_GND,L3_-_GND,0.0120493,0.0112438,0.525828
1608.51,1901.34,L3_-_GND,L4_-_SECONDARY,0.0112438,0.0112438,-6.4264e-15
1612.44,1440.71,L1_-_PRIMARY,L2_-_GND,0.0103687,0.0103687,6.4264e-15
1612.44,1440.71,L2_-_GND,L3_-_GND,0.0103687,0.0101296,0.156061
1612.44,1440.71,L3_-_GND,L4_-_SECONDARY,0.0101296,0.0101296,-6.4264e-15
1636.07,1334.41,L1_-_PRIMARY,L2_-_GND,0.00990477,0.00990477,6.4264e-15
1636.07,1334.41,L2_-_GND,L3_-_GND,0.00990477,0.00975264,0.0993058
1636.07,1334.41,L3_-_GND,L4_-_SECONDARY,0.00975264,0.00975264,-6.4264e-15
1657.72,1741.89,L1_-_PRIMARY,L2_-_GND,0.0136145,0.0126616,3.52998
1657.72,1741.89,L2_-_GND,L3_-_GND,0.0126616,0.0112769,0.903939
1657.72,1741.89,L3_-_GND,L4_-_SECONDARY,0.0112769,0.0112769,-6.4264e-15
1657.72,1848.19,L1_-_PRIMARY,L2_-_GND,0.0128833,0.0123051,2.14197
1657.72,1848.19,L2_-_GND,L3_-_GND,0.0123051,0.0112394,0.695619
1657.72,1848.19,L3_-_GND,L4_-_SECONDARY,0.0112394,0.0112394,-6.4264e-15
1717.56,2334.6,L1_-_PRIMARY,L2_-_GND,0.104388,0.104283,2.32052
1717.56,2334.6,L2_-_GND,L3_-_GND,0.104283,0.103687,2.32052
1717.56,2334.6,L3_-_GND,L4_-_SECONDARY,0.103687,0.103582,2.32052
1717.56,2535.39,L1_-_PRIMARY,L2_-_GND,0.10487,0.104767,2.25455
1717.56,2535.39,L2_-_GND,L3_-_GND,0.104767,0.104188,2.25455
1717.56,2535.39,L3_-_GND,L4_-_SECONDARY,0.104188,0.104086,2.25455
1710.87,627.714,L1_-_PRIMARY,L2_-_GND,0.00900359,0.00900359,6.4264e-15
1710.87,627.714,L2_-_GND,L3_-_GND,0.00900359,0.00898698,0.0108399
1710.87,627.714,L3_-_GND,L4_-_SECONDARY,0.00898698,0.00898698,-6.4264e-15
1710.87,745.824,L1_-_PRIMARY,L2_-_GND,0.00909352,0.00909352,-0
1710.87,745.824,L2_-_GND,L3_-_GND,0.00909352,0.00907418,0.0126254
1710.87,745.824,L3_-_GND,L4_-_SECONDARY,0.00907418,0.00907418,-6.4264e-15
1710.87,854.092,L1_-_PRIMARY,L2_-_GND,0.00918442,0.00918442,6.4264e-15
1710.87,854.092,L2_-_GND,L3_-_GND,0.00918442,0.00915388,0.0199368
1710.87,854.092,L3_-_GND,L4_-_SECONDARY,0.00915388,0.00915388,-6.4264e-15
1748.27,627.714,L1_-_PRIMARY,L2_-_GND,35.8744,35.8744,-7.89675e-11
1748.27,627.714,L2_-_GND,L3_-_GND,35.8744,35.8744,-8.349e-11
1748.27,627.714,L3_-_GND,L4_-_SECONDARY,35.8744,35.8744,-1.0529e-10
1748.27,745.824,L1_-_PRIMARY,L2_-_GND,0.0997451,0.0997451,-4.11289e-13
1748.27,745.824,L2_-_GND,L3_-_GND,0.0997451,0.0997451,-3.6237e-13
1748.27,745.824,L3_-_GND,L4_-_SECONDARY,0.0997451,0.0997451,-4.11289e-13
1799.45,1814.72,L1_-_PRIMARY,L2_-_GND,0.100031,0.10011,-0.291711
1799.45,1814.72,L2_-_GND,L3_-_GND,0.10011,0.100557,-0.291711
1799.45,1814.72,L3_-_GND,L4_-_SECONDARY,0.100557,0.100635,-0.291711
1799.45,1861.97,L1_-_PRIMARY,L2_-_GND,0.100382,0.10044,-0.214871
1799.45,1861.97,L2_-_GND,L3_-_GND,0.10044,0.100769,-0.214871
1799.45,1861.97,L3_-_GND,L4_-_SECONDARY,0.100769,0.100827,-0.214871
1799.45,1484.01,L1_-_PRIMARY,L2_-_GND,0.0991803,0.0992274,-0.174599
1799.45,1484.01,L2_-_GND,L3_-_GND,0.0992274,0.0994949,-0.174599
1799.45,1484.01,L3_-_GND,L4_-_SECONDARY,0.0994949,0.099542,-0.174599
1799.45,1531.26,L1_-_PRIMARY,L2_-_GND,0.0991687,0.0992321,-0.234804
1799.45,1531.26,L2_-_GND,L3_-_GND,0.0992321,0.0995918,-0.234804
1799.45,1531.26,L3_-_GND,L4_-_SECONDARY,0.0995918,0.0996552,-0.234804
1799.45,1578.5,L1_-_PRIMARY,L2_-_GND,0.0991422,0.0992197,-0.287
1799.45,1578.5,L2_-_GND,L3_-_GND,0.0992197,0.0996593,-0.287
1799.45,1578.5,L3_-_GND,L4_-_SECONDARY,0.0996593,0.0997368,-0.287
1849.16,866.395,L1_-_PRIMARY,L2_-_GND,0.00936956,0.00936956,6.4264e-15
1849.16,866.395,L2_-_GND,L3_-_GND,0.00936956,0.00933487,0.0226453
1849.16,866.395,L3_-_GND,L4_-_SECONDARY,0.00933487,0.00933487,-6.4264e-15
1850.14,730.568,L1_-_PRIMARY,L2_-_GND,0.00920877,0.00920877,6.4264e-15
1850.14,730.568,L2_-_GND,L3_-_GND,0.00920877,0.00919072,0.0117819
1850.14,730.568,L3_-_GND,L4_-_SECONDARY,0.00919072,0.00919072,-6.4264e-15
1853.59,636.572,L1_-_PRIMARY,L2_-_GND,0.00915426,0.00915426,6.4264e-15
1853.59,636.572,L2_-_GND,L3_-_GND,0.00915426,0.00913861,0.0102161
1853.59,636.572,L3_-_GND,L4_-_SECONDARY,0.00913861,0.00913861,-6.4264e-15
1870.32,1436.77,L1_-_PRIMARY,L2_-_GND,0.0991851,0.0992276,-0.157278
1870.32,1436.77,L2_-_GND,L3_-_GND,0.0992276,0.0994685,-0.157278
1870.32,1436.77,L3_-_GND,L4_-_SECONDARY,0.0994685,0.099511,-0.157278
1870.32,1484.01,L1_-_PRIMARY,L2_-_GND,0.0991313,0.0991833,-0.192471
1870.32,1484.01,L2_-_GND,L3_-_GND,0.0991833,0.0994781,-0.192471
1870.32,1484.01,L3_-_GND,L4_-_SECONDARY,0.0994781,0.0995301,-0.192471
1870.32,1531.26,L1_-_PRIMARY,L2_-_GND,0.0990757,0.0991459,-0.260311
1870.32,1531.26,L2_-_GND,L3_-_GND,0.0991459,0.0995447,-0.260311
1870.32,1531.26,L3_-_GND,L4_-_SECONDARY,0.0995447,0.099615,-0.260311
1870.32,1578.5,L1_-_PRIMARY,L2_-_GND,0.0990007,0.099091,-0.334446
1870.32,1578.5,L2_-_GND,L3_-_GND,0.099091,0.0996033,-0.334446
1870.32,1578.5,L3_-_GND,L4_-_SECONDARY,0.0996033,0.0996936,-0.334446
1870.32,1814.72,L1_-_PRIMARY,L2_-_GND,0.0998422,0.0999303,-0.326232
1870.32,1814.72,L2_-_GND,L3_-_GND,0.0999303,0.10043,-0.326232
1870.32,1814.72,L3_-_GND,L4_-_SECONDARY,0.10043,0.100518,-0.326232
1870.32,1861.97,L1_-_PRIMARY,L2_-_GND,0.100242,0.100304,-0.22683
1870.32,1861.97,L2_-_GND,L3_-_GND,0.100304,0.100651,-0.22683
1870.32,1861.97,L3_-_GND,L4_-_SECONDARY,0.100651,0.100712,-0.22683
1874.25,1385.59,L1_-_PRIMARY,L2_-_GND,0.0992122,0.0992459,-0.124867
1874.25,1385.59,L2_-_GND,L3_-_GND,0.0992459,0.0994372,-0.124867
1874.25,1385.59,L3_-_GND,L4_-_SECONDARY,0.0994372,0.0994709,-0.124867
1918.35,2334.6,L1_-_PRIMARY,L2_-_GND,0.104179,0.104079,2.2059
1918.35,2334.6,L2_-_GND,L3_-_GND,0.104079,0.103512,2.2059
1918.35,2334.6,L3_-_GND,L4_-_SECONDARY,0.103512,0.103412,2.2059
1918.35,2535.39,L1_-_PRIMARY,L2_-_GND,0.10472,0.104618,2.25254
1918.35,2535.39,L2_-_GND,L3_-_GND,0.104618,0.104039,2.25254
1918.35,2535.39,L3_-_GND,L4_-_SECONDARY,0.104039,0.103937,2.25254
1941.18,1531.26,L1_-_PRIMARY,L2_-_GND,0.0991172,0.099177,-0.221752
1941.18,1531.26,L2_-_GND,L3_-_GND,0.099177,0.0995167,-0.221752
1941.18,1531.26,L3_-_GND,L4_-_SECONDARY,0.0995167,0.0995766,-0.221752
1941.18,1578.5,L1_-_PRIMARY,L2_-_GND,0.0988664,0.0989647,-0.364223
1941.18,1578.5,L2_-_GND,L3_-_GND,0.0989647,0.0995227,-0.364223
1941.18,1578.5,L3_-_GND,L4_-_SECONDARY,0.0995227,0.099621,-0.364223
1941.18,1814.72,L1_-_PRIMARY,L2_-_GND,0.09968,0.0997745,-0.350322
1941.18,1814.72,L2_-_GND,L3_-_GND,0.0997745,0.100311,-0.350322
1941.18,1814.72,L3_-_GND,L4_-_SECONDARY,0.100311,0.100406,-0.350322
1941.18,1861.97,L1_-_PRIMARY,L2_-_GND,0.100146,0.100207,-0.224977
1941.18,1861.97,L2_-_GND,L3_-_GND,0.100207,0.100551,-0.224977
1941.18,1861.97,L3_-_GND,L4_-_SECONDARY,0.100551,0.100612,-0.224977
1952.99,468.265,L1_-_PRIMARY,L2_-_GND,0.00922161,0.00920056,0.0779802
1952.99,468.265,L2_-_GND,L3_-_GND,0.00920056,0.00917085,0.0193982
1952.99,468.265,L3_-_GND,L4_-_SECONDARY,0.00917085,0.00917085,-6.4264e-15
1952.99,547.005,L1_-_PRIMARY,L2_-_GND,0.00922682,0.00921975,0.0261937
1952.99,547.005,L2_-_GND,L3_-_GND,0.00921975,0.00919814,0.014104
1952.99,547.005,L3_-_GND,L4_-_SECONDARY,0.00919814,0.00919814,-6.4264e-15
2012.05,1578.5,L1_-_PRIMARY,L2_-_GND,0.0988488,0.0989394,-0.335882
2012.05,1578.5,L2_-_GND,L3_-_GND,0.0989394,0.099454,-0.335882
2012.05,1578.5,L3_-_GND,L4_-_SECONDARY,0.099454,0.0995446,-0.335882
2012.05,1625.75,L1_-_PRIMARY,L2_-_GND,0.0987254,0.0988373,-0.414403
2012.05,1625.75,L2_-_GND,L3_-_GND,0.0988373,0.0994721,-0.414403
2012.05,1625.75,L3_-_GND,L4_-_SECONDARY,0.0994721,0.099584,-0.414403
2012.05,1672.99,L1_-_PRIMARY,L2_-_GND,0.0987326,0.0988545,-0.451687
2012.05,1672.99,L2_-_GND,L3_-_GND,0.0988545,0.0995465,-0.451687
2012.05,1672.99,L3_-_GND,L4_-_SECONDARY,0.0995465,0.0996684,-0.451687
2012.05,1720.23,L1_-_PRIMARY,L2_-_GND,0.0988412,0.0989658,-0.461524
2012.05,1720.23,L2_-_GND,L3_-_GND,0.0989658,0.0996728,-0.461524
2012.05,1720.23,L3_-_GND,L4_-_SECONDARY,0.0996728,0.0997974,-0.461524
2012.05,1767.48,L1_-_PRIMARY,L2_-_GND,0.0991799,0.099301,-0.448689
2012.05,1767.48,L2_-_GND,L3_-_GND,0.099301,0.0999884,-0.448689
2012.05,1767.48,L3_-_GND,L4_-_SECONDARY,0.0999884,0.10011,-0.448689
2012.05,1814.72,L1_-_PRIMARY,L2_-_GND,0.0996741,0.099756,-0.303171
2012.05,1814.72,L2_-_GND,L3_-_GND,0.099756,0.10022,-0.303171
2012.05,1814.72,L3_-_GND,L4_-_SECONDARY,0.10022,0.100302,-0.303171
2012.05,1861.97,L1_-_PRIMARY,L2_-_GND,0.100108,0.100163,-0.203499
2012.05,1861.97,L2_-_GND,L3_-_GND,0.100163,0.100475,-0.203499
2012.05,1861.97,L3_-_GND,L4_-_SECONDARY,0.100475,0.10053,-0.203499
2035.67,823.58,L1_-_PRIMARY,L2_-_GND,0.00938609,0.00938609,6.4264e-15
2035.67,823.58,L2_-_GND,L3_-_GND,0.00938609,0.00937375,0.00805019
2035.67,823.58,L3_-_GND,L4_-_SECONDARY,0.00937375,0.00937375,-6.4264e-15
2063.72,796.021,L1_-_PRIMARY,L2_-_GND,0.00938762,0.00938762,6.4264e-15
2063.72,796.021,L2_-_GND,L3_-_GND,0.00938762,0.00937219,0.0100762
2063.72,796.021,L3_-_GND,L4_-_SECONDARY,0.00937219,0.00937219,-6.4264e-15
2071.6,858.521,L1_-_PRIMARY,L2_-_GND,0.00943809,0.00943809,1.28528e-14
2071.6,858.521,L2_-_GND,L3_-_GND,0.00943809,0.00941587,0.0145031
2071.6,858.521,L3_-_GND,L4_-_SECONDARY,0.00941587,0.00941587,-6.4264e-15
2073.07,1578.5,L1_-_PRIMARY,L2_-_GND,0.0990998,0.0991569,-0.211602
2073.07,1578.5,L2_-_GND,L3_-_GND,0.0991569,0.099481,-0.211602
2073.07,1578.5,L3_-_GND,L4_-_SECONDARY,0.099481,0.0995381,-0.211602
2073.07,1625.75,L1_-_PRIMARY,L2_-_GND,0.0991185,0.0991781,-0.220584
2073.07,1625.75,L2_-_GND,L3_-_GND,0.0991781,0.099516,-0.220584
2073.07,1625.75,L3_-_GND,L4_-_SECONDARY,0.099516,0.0995755,-0.220584
2073.07,1672.99,L1_-_PRIMARY,L2_-_GND,0.0991611,0.0992257,-0.239509
2073.07,1672.99,L2_-_GND,L3_-_GND,0.0992257,0.0995926,-0.239509
2073.07,1672.99,L3_-_GND,L4_-_SECONDARY,0.0995926,0.0996573,-0.239509
2073.07,1720.23,L1_-_PRIMARY,L2_-_GND,0.0994083,0.0994576,-0.182555
2073.07,1720.23,L2_-_GND,L3_-_GND,0.0994576,0.0997372,-0.182555
2073.07,1720.23,L3_-_GND,L4_-_SECONDARY,0.0997372,0.0997865,-0.182555
2073.07,1767.48,L1_-_PRIMARY,L2_-_GND,0.0996511,0.0997093,-0.215657
2073.07,1767.48,L2_-_GND,L3_-_GND,0.0997093,0.10004,-0.215657
2073.07,1767.48,L3_-_GND,L4_-_SECONDARY,0.10004,0.100098,-0.215657
2073.07,1814.72,L1_-_PRIMARY,L2_-_GND,0.0999345,0.0999807,-0.171399
2073.07,1814.72,L2_-_GND,L3_-_GND,0.0999807,0.100243,-0.171399
2073.07,1814.72,L3_-_GND,L4_-_SECONDARY,0.100243,0.10029,-0.171399
2073.07,1861.97,L1_-_PRIMARY,L2_-_GND,0.100232,0.100268,-0.136409
2073.07,1861.97,L2_-_GND,L3_-_GND,0.100268,0.100477,-0.136409
2073.07,1861.97,L3_-_GND,L4_-_SECONDARY,0.100477,0.100514,-0.136409
2134.1,1578.5,L1_-_PRIMARY,L2_-_GND,0.0991703,0.0992163,-0.170604
2134.1,1578.5,L2_-_GND,L3_-_GND,0.0992163,0.0994777,-0.170604
2134.1,1578.5,L3_-_GND,L4_-_SECONDARY,0.0994777,0.0995237,-0.170604
2134.1,1625.75,L1_-_PRIMARY,L2_-_GND,0.0992048,0.099251,-0.171333
2134.1,1625.75,L2_-_GND,L3_-_GND,0.099251,0.0995135,-0.171333
2134.1,1625.75,L3_-_GND,L4_-_SECONDARY,0.0995135,0.0995597,-0.171333
2134.1,1672.99,L1_-_PRIMARY,L2_-_GND,0.099262,0.0993114,-0.182883
2134.1,1672.99,L2_-_GND,L3_-_GND,0.0993114,0.0995916,-0.182883
2134.1,1672.99,L3_-_GND,L4_-_SECONDARY,0.0995916,0.0996409,-0.182883
2134.1,1720.23,L1_-_PRIMARY,L2_-_GND,0.0995203,0.0995533,-0.122091
2134.1,1720.23,L2_-_GND,L3_-_GND,0.0995533,0.0997403,-0.122091
2134.1,1720.23,L3_-_GND,L4_-_SECONDARY,0.0997403,0.0997732,-0.122091
2134.1,1767.48,L1_-_PRIMARY,L2_-_GND,0.0997446,0.0997884,-0.162075
2134.1,1767.48,L2_-_GND,L3_-_GND,0.0997884,0.100037,-0.162075
2134.1,1767.48,L3_-_GND,L4_-_SECONDARY,0.100037,0.10008,-0.162075
2134.1,1814.72,L1_-_PRIMARY,L2_-_GND,0.0999988,0.100034,-0.131835
2134.1,1814.72,L2_-_GND,L3_-_GND,0.100034,0.100236,-0.131835
2134.1,1814.72,L3_-_GND,L4_-_SECONDARY,0.100236,0.100272,-0.131835
2134.1,1861.97,L1_-_PRIMARY,L2_-_GND,0.100269,0.100299,-0.10943
2134.1,1861.97,L2_-_GND,L3_-_GND,0.100299,0.100466,-0.10943
2134.1,1861.97,L3_-_GND,L4_-_SECONDARY,0.100466,0.100496,-0.10943
2149.85,468.265,L1_-_PRIMARY,L2_-_GND,0.00927976,0.00928674,-0.0258575
2149.85,468.265,L2_-_GND,L3_-_GND,0.00928674,0.00928355,0.00208484
2149.85,468.265,L3_-_GND,L4_-_SECONDARY,0.00928355,0.00928355,-6.4264e-15
2149.85,547.005,L1_-_PRIMARY,L2_-_GND,0.00928278,0.00930392,-0.0783164
2149.85,547.005,L2_-_GND,L3_-_GND,0.00930392,0.00930837,-0.00289926
2149.85,547.005,L3_-_GND,L4_-_SECONDARY,0.00930837,0.00930837,-6.4264e-15
2208.9,1688.74,L1_-_PRIMARY,L2_-_GND,0.0100106,0.01,0.0391084
2208.9,1688.74,L2_-_GND,L3_-_GND,0.01,0.00996016,0.0260116
2208.9,1688.74,L3_-_GND,L4_-_SECONDARY,0.00996016,0.00996016,-6.4264e-15
2208.9,1741.89,L1_-_PRIMARY,L2_-_GND,0.0100174,0.0100136,0.0141982
2208.9,1741.89,L2_-_GND,L3_-_GND,0.0100136,0.00998291,0.0200159
2208.9,1741.89,L3_-_GND,L4_-_SECONDARY,0.00998291,0.00998291,-6.4264e-15
2208.9,1848.19,L1_-_PRIMARY,L2_-_GND,0.0100544,0.0100673,-0.048054
2208.9,1848.19,L2_-_GND,L3_-_GND,0.0100673,0.0100448,0.0146845
2208.9,1848.19,L3_-_GND,L4_-_SECONDARY,0.0100448,0.0100448,-6.4264e-15
2208.9,1954.49,L1_-_PRIMARY,L2_-_GND,0.0100802,0.0101179,-0.139643
2208.9,1954.49,L2_-_GND,L3_-_GND,0.0101179,0.0100804,0.024467
2208.9,1954.49,L3_-_GND,L4_-_SECONDARY,0.0100804,0.0100804,-6.4264e-15
2258.11,1795.04,L1_-_PRIMARY,L2_-_GND,0.0100239,0.0100219,0.00741366
2258.11,1795.04,L2_-_GND,L3_-_GND,0.0100219,0.00999751,0.0159049
2258.11,1795.04,L3_-_GND,L4_-_SECONDARY,0.00999751,0.00999751,-6.4264e-15
2258.11,1901.34,L1_-_PRIMARY,L2_-_GND,0.0100583,0.0100689,-0.0394238
2258.11,1901.34,L2_-_GND,L3_-_GND,0.0100689,0.0100492,0.0128725
2258.11,1901.34,L3_-_GND,L4_-_SECONDARY,0.0100492,0.0100492,-6.4264e-15
2307.33,1848.19,L1_-_PRIMARY,L2_-_GND,0.0100374,0.0100387,-0.00497468
2307.33,1848.19,L2_-_GND,L3_-_GND,0.0100387,0.0100217,0.0111363
2307.33,1848.19,L3_-_GND,L4_-_SECONDARY,0.0100217,0.0100217,-6.4264e-15
2307.33,1954.49,L1_-_PRIMARY,L2_-_GND,0.0100547,0.0100674,-0.0472994
2307.33,1954.49,L2_-_GND,L3_-_GND,0.0100674,0.0100427,0.0161228
2307.33,1954.49,L3_-_GND,L4_-_SECONDARY,0.0100427,0.0100427,-6.4264e-15
2356.54,1795.04,L1_-_PRIMARY,L2_-_GND,0.0100118,0.0100076,0.0152514
2356.54,1795.04,L2_-_GND,L3_-_GND,0.0100076,0.00998254,0.0163942
2356.54,1795.04,L3_-_GND,L4_-_SECONDARY,0.00998254,0.00998254,-6.4264e-15
2356.54,1901.34,L1_-_PRIMARY,L2_-_GND,0.0100358,0.0100395,-0.0137929
2356.54,1901.34,L2_-_GND,L3_-_GND,0.0100395,0.0100204,0.0124428
2356.54,1901.34,L3_-_GND,L4_-_SECONDARY,0.0100204,0.0100204,-6.4264e-15
2405.75,1741.89,L1_-_PRIMARY,L2_-_GND,0.00999843,0.00998838,0.0372268
2405.75,1741.89,L2_-_GND,L3_-_GND,0.00998838,0.00995518,0.0216762
2405.75,1741.89,L3_-_GND,L4_-_SECONDARY,0.00995518,0.00995518,-6.4264e-15
2405.75,1848.19,L1_-_PRIMARY,L2_-_GND,0.0100179,0.0100137,0.0157387
2405.75,1848.19,L2_-_GND,L3_-_GND,0.0100137,0.00998981,0.01557
2405.75,1848.19,L3_-_GND,L4_-_SECONDARY,0.00998981,0.00998981,-6.4264e-15
2405.75,1954.49,L1_-_PRIMARY,L2_-_GND,0.0100293,0.0100303,-0.0038867
2405.75,1954.49,L2_-_GND,L3_-_GND,0.0100303,0.0100012,0.0190464
2405.75,1954.49,L3_-_GND,L4_-_SECONDARY,0.0100012,0.0100012,-6.4264e-15
2417.56,834.407,L1_-_PRIMARY,L2_-_GND,0.00955553,0.00955553,3.85584e-14
2417.56,834.407,L2_-_GND,L3_-_GND,0.00955553,0.00953089,0.0160844
2417.56,834.407,L3_-_GND,L4_-_SECONDARY,0.00953089,0.00953089,-6.4264e-15
2452.99,1476.14,L1_-_PRIMARY,L2_-_GND,0.0098497,0.0098497,6.4264e-15
2452.99,1476.14,L2_-_GND,L3_-_GND,0.0098497,0.00981929,0.0198528
2452.99,1476.14,L3_-_GND,L4_-_SECONDARY,0.00981929,0.00981929,-6.4264e-15
2454.96,1688.74,L1_-_PRIMARY,L2_-_GND,0.00998936,0.00997324,0.0597351
2454.96,1688.74,L2_-_GND,L3_-_GND,0.00997324,0.00993339,0.0260109
2454.96,1688.74,L3_-_GND,L4_-_SECONDARY,0.00993339,0.00993339,-6.4264e-15
2454.96,1795.04,L1_-_PRIMARY,L2_-_GND,0.00999886,0.00999115,0.0285411
2454.96,1795.04,L2_-_GND,L3_-_GND,0.00999115,0.00996117,0.0195721
2454.96,1795.04,L3_-_GND,L4_-_SECONDARY,0.00996117,0.00996117,-6.4264e-15
2454.96,1901.34,L1_-_PRIMARY,L2_-_GND,0.0100162,0.0100127,0.0128996
2454.96,1901.34,L2_-_GND,L3_-_GND,0.0100127,0.00998564,0.0176504
2454.96,1901.34,L3_-_GND,L4_-_SECONDARY,0.00998564,0.00998564,-6.4264e-15
2504.18,1741.89,L1_-_PRIMARY,L2_-_GND,0.00998939,0.00997627,0.048613
2504.18,1741.89,L2_-_GND,L3_-_GND,0.00997627,0.00994011,0.0236068
2504.18,1741.89,L3_-_GND,L4_-_SECONDARY,0.00994011,0.00994011,-6.4264e-15
2504.18,1848.19,L1_-_PRIMARY,L2_-_GND,0.010002,0.00999705,0.0183479
2504.18,1848.19,L2_-_GND,L3_-_GND,0.00999705,0.00996863,0.0185507
2504.18,1848.19,L3_-_GND,L4_-_SECONDARY,0.00996863,0.00996863,-0
2521.89,1334.41,L1_-_PRIMARY,L2_-_GND,0.00977365,0.00977365,6.4264e-15
2521.89,1334.41,L2_-_GND,L3_-_GND,0.00977365,0.00975277,0.0136297
2521.89,1334.41,L3_-_GND,L4_-_SECONDARY,0.00975277,0.00975277,-6.4264e-15
2929.37,2833.58,L1_-_PRIMARY,L2_-_GND,0.00989174,0.00989392,-0.00806216
2929.37,2833.58,L2_-_GND,L3_-_GND,0.00989392,0.00987414,0.0129125
2929.37,2833.58,L3_-_GND,L4_-_SECONDARY,0.00987414,0.00987414,-6.4264e-15
2945.12,3086.38,L1_-_PRIMARY,L2_-_GND,0.00988713,0.00988944,-0.00855324
2945.12,3086.38,L2_-_GND,L3_-_GND,0.00988944,0.00987366,0.0103026
2945.12,3086.38,L3_-_GND,L4_-_SECONDARY,0.00987366,0.00987366,-6.4264e-15
3063.23,2850.15,L1_-_PRIMARY,L2_-_GND,0.00988476,0.00988589,-0.00418796
3063.23,2850.15,L2_-_GND,L3_-_GND,0.00988589,0.00987423,0.00760898
3063.23,2850.15,L3_-_GND,L4_-_SECONDARY,0.00987423,0.00987423,-6.4264e-15
3063.23,2968.27,L1_-_PRIMARY,L2_-_GND,0.00988387,0.00988457,-0.0026057
3063.23,2968.27,L2_-_GND,L3_-_GND,0.00988457,0.00987499,0.00625872
3063.23,2968.27,L3_-_GND,L4_-_SECONDARY,0.00987499,0.00987499,-6.4264e-15
3063.23,3086.38,L1_-_PRIMARY,L2_-_GND,0.00988375,0.00988392,-0.000616209
3063.23,3086.38,L2_-_GND,L3_-_GND,0.00988392,0.0098755,0.00549621
3063.23,3086.38,L3_-_GND,L4_-_SECONDARY,0.0098755,0.0098755,-6.4264e-15
3124.25,1787.16,L1_-_PRIMARY,L2_-_GND,0.00981542,0.0098121,0.0123033
3124.25,1787.16,L2_-_GND,L3_-_GND,0.0098121,0.00979823,0.00905235
3124.25,1787.16,L3_-_GND,L4_-_SECONDARY,0.00979823,0.00979823,-6.4264e-15
3124.25,1984.01,L1_-_PRIMARY,L2_-_GND,0.00983479,0.00984147,-0.0247337
3124.25,1984.01,L2_-_GND,L3_-_GND,0.00984147,0.00983412,0.00479583
3124.25,1984.01,L3_-_GND,L4_-_SECONDARY,0.00983412,0.00983412,-6.4264e-15
3181.34,2850.15,L1_-_PRIMARY,L2_-_GND,0.00988106,0.00988094,0.000446169
3181.34,2850.15,L2_-_GND,L3_-_GND,0.00988094,0.00987242,0.0055599
3181.34,2850.15,L3_-_GND,L4_-_SECONDARY,0.00987242,0.00987242,-6.4264e-15
3181.34,2968.27,L1_-_PRIMARY,L2_-_GND,0.00988086,0.00988048,0.00140383
3181.34,2968.27,L2_-_GND,L3_-_GND,0.00988048,0.00987402,0.00421759
3181.34,2968.27,L3_-_GND,L4_-_SECONDARY,0.00987402,0.00987402,-6.4264e-15
3181.34,3086.38,L1_-_PRIMARY,L2_-_GND,0.00988076,0.00988033,0.00160348
3181.34,3086.38,L2_-_GND,L3_-_GND,0.00988033,0.00987475,0.00364231
3181.34,3086.38,L3_-_GND,L4_-_SECONDARY,0.00987475,0.00987475,-6.4264e-15
3202.99,1787.16,L1_-_PRIMARY,L2_-_GND,0.00981584,0.00981023,0.0207684
3202.99,1787.16,L2_-_GND,L3_-_GND,0.00981023,0.00979552,0.00960533
3202.99,1787.16,L3_-_GND,L4_-_SECONDARY,0.00979552,0.00979552,-6.4264e-15
3202.99,1984.01,L1_-_PRIMARY,L2_-_GND,0.00983316,0.00983542,-0.00833805
3202.99,1984.01,L2_-_GND,L3_-_GND,0.00983542,0.0098271,0.00542536
3202.99,1984.01,L3_-_GND,L4_-_SECONDARY,0.0098271,0.0098271,-6.4264e-15
3239.41,2585.7,L1_-_PRIMARY,L2_-_GND,0.00987667,0.00987653,0.00054901
3239.41,2585.7,L2_-_GND,L3_-_GND,0.00987653,0.00986368,0.00838629
3239.41,2585.7,L3_-_GND,L4_-_SECONDARY,0.00986368,0.00986368,-6.4264e-15
3299.45,2850.15,L1_-_PRIMARY,L2_-_GND,0.00987803,0.00987703,0.00367882
3299.45,2850.15,L2_-_GND,L3_-_GND,0.00987703,0.00986936,0.00500999
3299.45,2850.15,L3_-_GND,L4_-_SECONDARY,0.00986936,0.00986936,-6.4264e-15
3299.45,2968.27,L1_-_PRIMARY,L2_-_GND,0.00987838,0.00987743,0.00350427
3299.45,2968.27,L2_-_GND,L3_-_GND,0.00987743,0.00987149,0.00387742
3299.45,2968.27,L3_-_GND,L4_-_SECONDARY,0.00987149,0.00987149,-6.4264e-15
3299.45,3086.38,L1_-_PRIMARY,L2_-_GND,0.00987833,0.00987758,0.00277683
3299.45,3086.38,L2_-_GND,L3_-_GND,0.00987758,0.00987257,0.00327359
3299.45,3086.38,L3_-_GND,L4_-_SECONDARY,0.00987257,0.00987257,-6.4264e-15
3417.56,3086.38,L1_-_PRIMARY,L2_-_GND,0.00987662,0.00987537,0.0046242
3417.56,3086.38,L2_-_GND,L3_-_GND,0.00987537,0.00986961,0.00375691
3417.56,3086.38,L3_-_GND,L4_-_SECONDARY,0.00986961,0.00986961,-6.4264e-15
3433.31,2833.58,L1_-_PRIMARY,L2_-_GND,0.00987365,0.00987218,0.00543868
3433.31,2833.58,L2_-_GND,L3_-_GND,0.00987218,0.00986422,0.00519491
3433.31,2833.58,L3_-_GND,L4_-_SECONDARY,0.00986422,0.00986422,-6.4264e-15
3509.41,594.925,L1_-_PRIMARY,L2_-_GND,0.00960713,0.00960713,-0
3509.41,594.925,L2_-_GND,L3_-_GND,0.00960713,0.00960553,0.00401429
3509.41,594.925,L3_-_GND,L4_-_SECONDARY,0.00960553,0.00960553,-2.46432e-14
3509.41,831.145,L1_-_PRIMARY,L2_-_GND,0.0096401,0.0096401,2.46432e-14
3509.41,831.145,L2_-_GND,L3_-_GND,0.0096401,0.00963841,0.00424298
3509.41,831.145,L3_-_GND,L4_-_SECONDARY,0.00963841,0.00963841,-4.92863e-14
3509.41,1667.76,L1_-_PRIMARY,L2_-_GND,0.00977362,0.00977362,2.46432e-14
3509.41,1667.76,L2_-_GND,L3_-_GND,0.00977362,0.00977152,0.00524299
3509.41,1667.76,L3_-_GND,L4_-_SECONDARY,0.00977152,0.00977152,-7.39295e-14
3627.52,594.925,L1_-_PRIMARY,L2_-_GND,0.00962038,0.00962038,2.46432e-14
3627.52,594.925,L2_-_GND,L3_-_GND,0.00962038,0.00961901,0.00341462
3627.52,594.925,L3_-_GND,L4_-_SECONDARY,0.00961901,0.00961901,-2.46432e-14
3627.52,831.145,L1_-_PRIMARY,L2_-_GND,0.00964873,0.00964873,4.92863e-14
3627.52,831.145,L2_-_GND,L3_-_GND,0.00964873,0.00964738,0.00337054
3627.52,831.145,L3_-_GND,L4_-_SECONDARY,0.00964738,0.00964738,-0
3627.52,1667.76,L1_-_PRIMARY,L2_-_GND,0.0097695,0.0097695,4.92863e-14
3627.52,1667.76,L2_-_GND,L3_-_GND,0.0097695,0.00976898,0.00130297
3627.52,1667.76,L3_-_GND,L4_-_SECONDARY,0.00976898,0.00976898,-4.92863e-14
